rounds_trained,frozen_coins,ci95,mean_steps,invalid_per_round,suicide_rate,kill_in_round,score_margin,margin_ci95
250,2.17,0.41,348.8,1.25,0.4,0.175,0.19,0.81
500,1.88,0.41,365.1,0.88,0.475,0.1,-0.69,0.79
750,1.82,0.34,355.0,0.5,0.25,0.15,-1.18,0.95
1000,2.4,0.51,345.1,1.93,0.475,0.25,0.62,1.22
1250,2.08,0.46,336.2,1.93,0.775,0.175,-0.06,1.07
1500,2.05,0.36,383.4,0.88,0.225,0.1,-0.58,0.78
1750,2.45,0.36,337.9,1.32,0.325,0.25,0.44,1.17
2000,2.38,0.38,357.9,1.65,0.15,0.2,0.46,1.05
2250,2.23,0.58,380.7,0.85,0.125,0.25,0.42,1.35
2500,1.93,0.39,360.7,1.07,0.125,0.35,0.57,1.14
2750,2.38,0.45,387.9,0.7,0.025,0.275,0.88,1.12
3000,2.33,0.37,375.1,1.38,0.2,0.275,0.82,1.05
3250,2.17,0.43,368.2,0.85,0.2,0.3,0.48,1.22
3500,2.05,0.41,383.8,0.65,0.15,0.225,0.11,1.05
3750,2.62,0.4,360.6,0.65,0.1,0.25,1.38,1.28
4000,2.15,0.4,371.9,0.45,0.225,0.3,0.74,0.84
