rounds_trained,frozen_coins,ci95,mean_steps,invalid_per_round
250,0.17,0.17,61.9,0.0
500,0.25,0.17,45.2,0.0
750,0.28,0.22,98.0,0.0
1000,0.2,0.16,125.8,0.0
1250,0.35,0.19,303.6,0.0
1500,0.47,0.2,194.4,0.0
1750,0.17,0.17,256.8,0.0
2000,0.25,0.17,208.3,0.0
2250,0.5,0.22,319.7,0.0
2500,0.25,0.17,336.2,0.0
2750,0.17,0.18,334.1,0.0
3000,1.43,0.46,319.4,0.0
3250,1.7,0.45,363.0,0.0
3500,2.7,0.56,400.0,0.0
3750,4.47,0.87,392.3,0.0
4000,6.1,0.88,376.3,0.0
4250,6.38,0.87,371.2,0.0
4500,5.78,1.12,386.1,0.0
4750,6.0,0.99,378.9,0.0
5000,7.72,0.75,366.6,0.0
5250,6.78,0.84,378.9,0.0
5500,5.78,0.87,358.4,0.0
5750,7.33,0.61,381.6,0.0
6000,6.25,0.84,392.0,0.0
