config,rounds_trained,frozen_score,score_ci95,score_margin,margin_ci95,frozen_coins,ci95,suicide_rate,kill_in_round,mean_steps,invalid_per_round
ctrl_s1,250,0.05,0.056,-3.733,0.299,0.05,0.06,0.8667,0.0,331.8,0.02
ctrl_s1,500,0.233,0.183,-3.478,0.31,0.15,0.09,0.7833,0.0167,334.2,0.18
ctrl_s1,750,0.283,0.187,-4.111,0.412,0.2,0.1,0.3,0.0167,345.3,1.03
ctrl_s1,1000,0.9,0.499,-2.75,0.63,0.23,0.13,0.6667,0.1167,337.0,0.33
ctrl_s1,1250,0.6,0.367,-3.139,0.515,0.27,0.19,0.6167,0.0667,339.0,0.85
ctrl_s1,1500,0.4,0.215,-3.772,0.412,0.32,0.15,0.6,0.0167,330.0,0.37
ctrl_s1,1750,0.267,0.237,-3.222,0.34,0.1,0.08,0.9167,0.0333,333.0,0.23
ctrl_s1,2000,0.383,0.229,-3.194,0.309,0.3,0.13,0.8667,0.0167,329.9,0.22
ctrl_s1,2250,0.217,0.115,-3.361,0.324,0.22,0.11,0.6333,0.0,366.2,0.45
ctrl_s1,2500,0.133,0.098,-3.661,0.368,0.13,0.1,0.0333,0.0,383.5,2.48
ctrl_s1,2750,0.017,0.033,-4.022,0.365,0.02,0.03,0.0,0.0,382.3,2.83
ctrl_s1,3000,0.117,0.105,-3.956,0.452,0.12,0.11,0.0,0.0,382.4,2.05
ctrl_s1,3250,0.167,0.175,-3.894,0.411,0.08,0.07,0.0,0.0167,366.0,2.73
ctrl_s1,3500,0.033,0.046,-3.467,0.254,0.03,0.05,0.0,0.0,392.9,2.67
ctrl_s1,3750,0.7,0.399,-2.8,0.521,0.2,0.12,0.7,0.1,351.7,0.5
ctrl_s1,4000,0.867,0.52,-2.75,0.605,0.2,0.11,0.7167,0.1167,352.6,0.42
ctrl_s1,4250,0.75,0.372,-2.9,0.515,0.42,0.15,0.5,0.0667,362.3,0.83
ctrl_s1,4500,0.967,0.422,-2.361,0.525,0.47,0.17,0.5333,0.1,353.5,0.53
ctrl_s1,4750,1.267,0.595,-2.078,0.714,0.52,0.18,0.4833,0.1167,364.2,0.78
ctrl_s1,5000,1.233,0.453,-2.067,0.572,0.57,0.21,0.4667,0.1333,369.3,0.62
ctrl_s2,250,0.05,0.056,-3.778,0.29,0.05,0.06,0.75,0.0,329.6,0.07
ctrl_s2,500,0.2,0.179,-3.894,0.339,0.12,0.08,0.55,0.0167,344.8,0.5
ctrl_s2,750,0.233,0.21,-3.311,0.308,0.15,0.09,0.6,0.0167,350.0,0.77
ctrl_s2,1000,0.25,0.12,-3.422,0.287,0.25,0.12,0.4833,0.0,363.0,0.5
ctrl_s2,1250,0.383,0.224,-3.172,0.336,0.3,0.13,0.4333,0.0167,358.4,0.98
ctrl_s2,1500,0.567,0.281,-2.822,0.416,0.4,0.16,0.3833,0.0333,367.8,1.85
ctrl_s2,1750,0.283,0.204,-3.289,0.373,0.2,0.13,0.5167,0.0167,360.2,1.48
ctrl_s2,2000,0.217,0.105,-3.467,0.331,0.22,0.11,0.0833,0.0,391.9,2.2
ctrl_s2,2250,0.483,0.274,-3.083,0.477,0.32,0.14,0.2333,0.0333,364.6,2.43
ctrl_s2,2500,0.717,0.302,-3.022,0.441,0.47,0.17,0.05,0.05,384.9,2.35
ctrl_s2,2750,1.0,0.572,-2.6,0.743,0.25,0.16,0.3333,0.1167,371.8,1.6
ctrl_s2,3000,0.7,0.353,-3.083,0.461,0.37,0.17,0.2833,0.0667,370.3,0.78
ctrl_s2,3250,0.883,0.468,-2.7,0.559,0.47,0.18,0.4,0.0667,373.8,0.55
ctrl_s2,3500,1.617,0.586,-1.856,0.705,0.53,0.21,0.2167,0.2167,381.6,1.47
ctrl_s2,3750,1.267,0.447,-2.222,0.554,0.68,0.17,0.2167,0.1167,383.6,0.78
ctrl_s2,4000,1.65,0.574,-1.55,0.631,0.9,0.24,0.5,0.1167,353.9,1.02
ctrl_s2,4250,1.533,0.516,-1.6,0.644,0.95,0.23,0.3333,0.1167,379.0,0.65
ctrl_s2,4500,1.8,0.416,-1.339,0.559,1.38,0.32,0.2,0.0833,368.7,1.0
ctrl_s2,4750,1.817,0.487,-1.4,0.583,1.15,0.29,0.3333,0.1333,373.1,1.07
ctrl_s2,5000,2.0,0.517,-1.117,0.642,1.25,0.27,0.1833,0.15,389.2,0.5
gamma99,250,0.1,0.077,-3.928,0.306,0.1,0.08,0.6167,0.0,342.7,0.5
gamma99,500,0.367,0.411,-3.589,0.517,0.12,0.09,0.7833,0.0333,324.9,0.28
gamma99,750,0.45,0.307,-3.228,0.398,0.2,0.11,0.25,0.05,371.3,1.43
gamma99,1000,0.467,0.307,-3.461,0.527,0.22,0.11,0.6333,0.05,353.6,0.5
gamma99,1250,0.333,0.262,-3.594,0.42,0.17,0.1,0.2167,0.0333,367.5,1.42
gamma99,1500,0.383,0.204,-3.744,0.352,0.3,0.13,0.5,0.0167,351.9,0.77
gamma99,1750,0.2,0.179,-3.639,0.381,0.12,0.08,0.3167,0.0167,363.9,1.65
gamma99,2000,0.75,0.47,-2.778,0.519,0.25,0.12,0.8,0.0833,341.9,0.35
gamma99,2250,0.783,0.5,-2.589,0.586,0.12,0.08,0.7167,0.1167,356.3,0.33
gamma99,2500,0.533,0.253,-3.106,0.419,0.37,0.14,0.8833,0.0333,344.0,0.48
gamma99,2750,0.667,0.369,-2.761,0.484,0.25,0.12,0.75,0.0833,350.2,0.47
gamma99,3000,0.133,0.087,-3.456,0.327,0.13,0.09,0.0,0.0,389.4,2.33
gamma99,3250,1.65,0.673,-1.711,0.795,0.48,0.2,0.6167,0.2,363.9,0.53
gamma99,3500,1.0,0.466,-2.622,0.601,0.42,0.16,0.7667,0.1,357.3,0.55
gamma99,3750,0.6,0.333,-2.889,0.43,0.35,0.15,0.6,0.05,365.0,0.45
gamma99,4000,0.817,0.347,-2.494,0.479,0.65,0.2,0.5,0.0333,361.4,0.82
gamma99,4250,1.733,0.531,-1.828,0.695,0.65,0.21,0.6,0.2167,351.9,1.2
gamma99,4500,1.15,0.482,-2.5,0.612,0.65,0.23,0.55,0.0833,365.9,1.2
gamma99,4750,0.85,0.386,-2.728,0.536,0.6,0.19,0.4333,0.05,369.0,0.85
gamma99,5000,1.167,0.569,-2.222,0.658,0.5,0.16,0.5667,0.1,347.4,0.73
global,250,0.067,0.064,-3.522,0.267,0.07,0.06,0.9,0.0,322.4,0.0
global,500,0.067,0.079,-3.556,0.248,0.07,0.08,0.9333,0.0,328.8,0.0
global,750,0.117,0.094,-3.928,0.344,0.12,0.09,0.8333,0.0,340.8,0.12
global,1000,0.2,0.121,-3.8,0.37,0.2,0.12,0.75,0.0,306.0,0.38
global,1250,0.3,0.243,-3.844,0.378,0.13,0.1,0.65,0.0333,336.9,0.15
global,1500,0.317,0.189,-3.539,0.371,0.23,0.11,0.6333,0.0167,345.6,0.45
global,1750,0.4,0.268,-3.433,0.384,0.23,0.12,0.8,0.0333,329.8,0.1
global,2000,0.283,0.238,-3.906,0.39,0.12,0.08,0.4833,0.0333,336.9,0.3
global,2250,0.617,0.326,-3.472,0.515,0.28,0.13,0.4,0.0667,339.1,0.75
global,2500,0.067,0.064,-4.372,0.321,0.07,0.06,0.0333,0.0,345.0,1.22
global,2750,0.35,0.301,-4.25,0.45,0.1,0.08,0.0333,0.05,361.4,1.48
global,3000,0.1,0.09,-4.456,0.344,0.1,0.09,0.0167,0.0,357.2,1.98
global,3250,0.1,0.077,-4.533,0.349,0.1,0.08,0.0,0.0,358.8,1.35
global,3500,0.067,0.064,-4.494,0.352,0.07,0.06,0.0667,0.0,353.6,1.85
global,3750,0.267,0.191,-3.933,0.431,0.18,0.11,0.1167,0.0167,361.2,0.98
global,4000,0.1,0.077,-4.233,0.335,0.1,0.08,0.05,0.0,362.7,2.37
global,4250,0.083,0.071,-4.428,0.367,0.08,0.07,0.05,0.0,334.8,1.2
global,4500,0.233,0.235,-3.733,0.386,0.07,0.06,0.0,0.0333,374.6,1.1
global,4750,0.1,0.077,-3.967,0.332,0.1,0.08,0.0,0.0,367.6,0.78
global,5000,0.217,0.187,-4.222,0.442,0.13,0.1,0.2,0.0167,359.2,1.05
target250,250,0.033,0.046,-4.144,0.348,0.03,0.05,0.4167,0.0,363.6,0.13
target250,500,0.35,0.237,-3.25,0.41,0.27,0.15,0.45,0.0167,354.8,0.38
target250,750,0.45,0.257,-3.183,0.372,0.28,0.14,0.2167,0.0333,366.4,1.32
target250,1000,0.167,0.095,-3.622,0.317,0.17,0.1,0.65,0.0,329.2,0.88
target250,1250,0.133,0.087,-3.544,0.324,0.13,0.09,0.2167,0.0,376.1,1.03
target250,1500,0.367,0.275,-3.567,0.455,0.2,0.13,0.4,0.0333,362.7,0.97
target250,1750,0.317,0.334,-3.55,0.485,0.15,0.09,0.5167,0.0167,350.3,0.4
target250,2000,0.6,0.382,-3.15,0.566,0.1,0.08,0.2333,0.1,368.0,1.37
target250,2250,0.45,0.303,-3.35,0.497,0.2,0.1,0.15,0.05,372.4,1.08
target250,2500,1.083,0.433,-2.639,0.622,0.42,0.16,0.2667,0.1333,368.2,1.3
target250,2750,1.033,0.456,-2.65,0.597,0.37,0.14,0.4667,0.1333,353.8,1.08
target250,3000,1.15,0.454,-2.194,0.54,0.48,0.16,0.8833,0.1333,345.9,0.63
target250,3250,1.217,0.478,-2.183,0.631,0.55,0.18,0.45,0.1333,366.4,0.97
target250,3500,0.867,0.324,-2.5,0.381,0.62,0.19,0.4,0.05,383.8,0.73
target250,3750,1.35,0.458,-2.228,0.623,0.77,0.26,0.5667,0.1167,351.0,1.07
target250,4000,0.85,0.315,-2.517,0.461,0.6,0.2,0.5167,0.05,366.1,1.48
target250,4250,1.683,0.577,-1.772,0.737,0.77,0.23,0.5667,0.1833,358.1,1.15
target250,4500,1.55,0.583,-2.067,0.647,0.8,0.22,0.4167,0.15,359.7,1.33
target250,4750,1.433,0.464,-1.972,0.574,0.6,0.18,0.25,0.1667,373.5,1.1
target250,5000,1.067,0.312,-2.622,0.52,0.82,0.22,0.5833,0.05,359.0,1.1
augment,250,0.233,0.118,-3.344,0.278,0.23,0.12,0.9333,0.0,349.2,0.07
augment,500,0.05,0.056,-3.722,0.323,0.05,0.06,0.8333,0.0,341.0,0.03
augment,750,0.3,0.243,-3.489,0.412,0.13,0.1,0.4833,0.0333,365.7,0.98
augment,1000,0.267,0.191,-3.606,0.367,0.18,0.11,0.55,0.0167,350.6,0.35
augment,1250,0.417,0.32,-3.311,0.389,0.08,0.07,0.7167,0.0667,347.9,0.65
augment,1500,0.583,0.362,-2.967,0.465,0.17,0.12,0.8,0.0833,353.1,0.58
augment,1750,0.3,0.188,-3.333,0.312,0.22,0.11,0.6667,0.0167,339.7,0.72
augment,2000,0.7,0.34,-2.689,0.438,0.37,0.14,0.6167,0.0667,354.2,0.75
augment,2250,0.4,0.252,-3.017,0.418,0.23,0.13,0.25,0.0333,369.8,1.0
augment,2500,0.317,0.24,-3.433,0.324,0.15,0.09,0.0333,0.0333,387.4,3.17
augment,2750,0.367,0.192,-3.267,0.381,0.28,0.11,0.15,0.0167,378.6,2.4
augment,3000,0.15,0.091,-3.567,0.335,0.15,0.09,0.05,0.0,378.2,2.18
augment,3250,0.283,0.148,-3.928,0.423,0.28,0.15,0.1,0.0,369.4,1.83
augment,3500,0.983,0.426,-2.317,0.511,0.4,0.15,0.5667,0.1167,364.4,1.02
augment,3750,1.217,0.468,-2.217,0.551,0.63,0.21,0.5833,0.1167,354.6,1.05
augment,4000,0.967,0.419,-2.494,0.471,0.63,0.22,0.2833,0.0667,375.0,0.53
augment,4250,1.1,0.413,-2.156,0.547,0.68,0.25,0.5333,0.0833,373.5,1.0
augment,4500,1.233,0.534,-2.061,0.607,0.57,0.24,0.4333,0.1333,369.2,1.48
augment,4750,1.683,0.526,-1.611,0.623,0.93,0.23,0.5833,0.15,349.3,1.08
augment,5000,1.817,0.64,-1.717,0.775,0.82,0.24,0.5,0.1667,364.8,1.18
