config,rounds_trained,frozen_coins,ci95,mean_steps,invalid_per_round
baseline,250,47.35,1.27,333.3,0.0
baseline,500,45.52,1.57,347.4,0.03
baseline,750,41.83,2.02,400.0,0.03
baseline,1000,36.67,3.61,400.0,9.78
baseline,1250,35.6,3.85,400.0,0.03
baseline,1500,34.45,4.13,393.2,0.0
baseline,1750,35.15,3.73,400.0,17.57
baseline,2000,27.7,4.72,400.0,37.7
baseline,2250,31.75,4.71,393.2,19.25
baseline,2500,32.0,3.89,400.0,9.45
baseline,2750,28.25,4.72,393.6,36.6
baseline,3000,32.25,4.1,387.7,45.75
batch32,250,40.95,2.85,393.3,0.0
batch32,500,38.75,3.05,393.4,0.0
batch32,750,35.2,3.27,393.6,0.0
batch32,1000,24.95,3.3,400.0,0.0
batch32,1250,27.18,3.05,400.0,8.57
batch32,1500,32.25,3.85,400.0,9.43
batch32,1750,27.68,4.6,400.0,83.2
batch32,2000,25.15,4.36,400.0,37.25
batch32,2250,30.1,5.18,400.0,38.75
batch32,2500,24.1,4.49,400.0,75.3
batch32,2750,29.77,4.08,392.9,18.45
batch32,3000,27.65,4.51,393.4,54.15
global_view,250,31.7,4.87,393.6,0.0
global_view,500,25.85,4.57,400.0,0.0
global_view,750,34.65,4.6,400.0,10.0
global_view,1000,37.88,4.51,362.3,0.0
global_view,1250,40.5,3.79,343.8,0.0
global_view,1500,41.17,3.68,338.5,0.0
global_view,1750,42.9,3.67,300.6,9.47
global_view,2000,45.52,2.12,292.9,0.03
global_view,2250,46.35,2.12,279.8,0.0
global_view,2500,44.2,3.15,277.0,9.7
global_view,2750,47.9,1.44,236.5,8.12
global_view,3000,42.88,3.57,319.5,0.0
lr_2e4,250,47.0,0.72,366.8,0.0
lr_2e4,500,45.48,1.76,334.8,0.0
lr_2e4,750,40.15,2.11,400.0,0.03
lr_2e4,1000,38.33,3.11,400.0,0.0
lr_2e4,1250,36.5,3.71,393.0,0.0
lr_2e4,1500,36.17,3.72,393.8,0.0
lr_2e4,1750,35.05,4.11,380.2,18.38
lr_2e4,2000,36.55,4.3,374.9,17.75
lr_2e4,2250,29.73,4.94,367.3,19.02
lr_2e4,2500,33.23,4.38,367.6,9.57
lr_2e4,2750,37.73,4.11,386.5,9.43
lr_2e4,3000,36.3,3.36,386.5,24.15
no_shaping,250,42.52,3.43,360.2,9.82
no_shaping,500,42.8,2.78,367.6,0.0
no_shaping,750,37.67,3.98,400.0,0.0
no_shaping,1000,40.27,2.7,393.2,0.0
no_shaping,1250,39.88,2.49,400.0,0.0
no_shaping,1500,27.12,4.49,400.0,0.0
no_shaping,1750,34.17,3.7,393.4,9.18
no_shaping,2000,35.73,3.87,387.1,9.53
no_shaping,2250,32.75,3.94,386.7,0.0
no_shaping,2500,30.07,5.05,372.9,0.03
no_shaping,2750,33.4,4.42,379.8,25.8
no_shaping,3000,35.33,3.67,386.7,17.6
old_shaping,250,45.52,2.16,341.5,0.0
old_shaping,500,45.12,1.99,373.2,0.0
old_shaping,750,42.05,2.85,367.0,0.0
old_shaping,1000,37.83,3.95,355.4,0.03
old_shaping,1250,36.48,3.64,393.7,0.0
old_shaping,1500,34.2,4.39,380.4,16.35
old_shaping,1750,39.05,4.24,302.4,0.0
old_shaping,2000,42.55,3.08,322.6,8.7
old_shaping,2250,42.75,3.14,275.8,0.05
old_shaping,2500,42.23,3.06,329.3,0.0
old_shaping,2750,43.08,2.36,329.4,7.8
old_shaping,3000,44.48,3.41,241.7,0.0
